code_site,code_repo,nom,marque,pays,conditionnement,categorie,sous_categorie,nom_chinois,description,url_site,photo
000476,88000476,Liqueur de gingembre – 50 cl,DISTILLERIES MATHA,France,,boissons,boissons-alcoolisees,法國薑酒(APERITIF),法國薑酒(APERITIF),https://paris-store.com/produit/liqueur-de-gingembre-50-cl/,img/88000476-u.webp
000618,88000618,Sate en poudre – 200g,Lakovo,France,,epicerie,epices-assaisonnements,法國振華沙茶粉 200G,法國振華沙茶粉 200G,https://paris-store.com/produit/sate-en-poudre-200g/,img/88000618-u.webp
001363,88001363,Sate en poudre – 1kg,Lakovo,France,,epicerie,epices-assaisonnements,法國振華沙茶粉 1KG,法國振華沙茶粉 1KG,https://paris-store.com/produit/sate-en-poudre-1kg/,img/88001363-u.webp
003326,88003326,Pâte d’arachides – 500g,DAK,France,6UN/CT,epicerie,sauces,花生醬DAK,花生醬DAK | PATE D'ARACHIDE 500G,https://paris-store.com/produit/pate-darachides-500g/,img/88003326-u.webp
003849,88003849,Boisson thé vert,ITO EN,Allemagne,,boissons,boissons-sucrees,綠茶飲料,綠茶飲料 | UNSWEETENED GREEN TEA 33CL,https://paris-store.com/produit/boisson-the-vert-2/,img/88003849-u.webp
003850,88003850,Boisson thé vert saveur matcha,ITO EN,Chine,,boissons,boissons-sucrees,綠茶&抹茶飲料,綠茶&抹茶飲料 | MATCHA GREEN TEA 33CL,https://paris-store.com/produit/boisson-the-vert-saveur-matcha/,img/88003850-u.webp
003851,88003851,Sauce sésame grillé 241G,KEWPIE,Pologne,12/CRN,epicerie,sauces,烤芝麻醬汁KEWPIE236ML,烤芝麻醬汁KEWPIE236ML | DEEP ROASTED SESAME DRESSING 241G,https://paris-store.com/produit/sauce-sesame-grille-241g/,img/88003851-u.webp
003852,88003852,Sauce sésame grillé 949G,KEWPIE,Pologne,6/CTN,epicerie,sauces,烤芝麻醬汁KEWPIE930ML,烤芝麻醬汁KEWPIE930ML | DEEP ROASTED SESAME DRESSING 949G,https://paris-store.com/produit/sauce-sesame-grille-949g/,img/88003852-u.webp
010291,88010291,Bonbons de la chance C5920 300G,,,20UN/CTN,epicerie,snacks-sucres,中國利是糖,中國利是糖 | LUCKY CANDY C5920 300G,https://paris-store.com/produit/bonbons-de-la-chance-c5920-300g/,img/88010291-u.webp
010336,88010336,Kumquat confit 150G,Eaglobe,Chine,,epicerie,snacks-sucres,鷹球牌糖金桔,鷹球牌糖金桔 | SWEETENED KUMQUATS 150G,https://paris-store.com/produit/kumquat-confit-150g/,img/88010336-u.webp
010534,88010534,Pate de soja piment – 280g,Eaglobe,Chine,,epicerie,sauces,鷹球牌大石辣腐乳,鷹球牌大石辣腐乳 | WHITE BEANCURD W/CHILLI 300G,https://paris-store.com/produit/pate-de-soja-piment-280g/,img/88010534-u.webp
013046,88013046,Haricot mungo – 1kg,Eaglobe,Chine,10UN/CT,epicerie,produits-secs,鷹球牌綠豆,鷹球牌綠豆 | GREEN BEAN 1KG,https://paris-store.com/produit/haricot-mungo-1kg/,img/88013046-u.webp
015194,88015194,Nouilles instantanée saveur Tom Yum 60Gx5,Wing Man Trading,Chine,,epicerie,nouilles-instantanees,榮文酸辣蝦麵(5包裝),榮文酸辣蝦麵(5包裝) | WM INSTANT NOODLE TOM YUM FLAV. 60G,https://paris-store.com/produit/nouilles-instantanee-saveur-tom-yum-60gx5/,img/88015194-u.webp
017011,88017011,Racine de lotus confit – 150g,Eaglobe,Chine,50UN/CT,epicerie,produits-secs,中國糖蓮藕片 150G,中國糖蓮藕片 150G | SWEETEN LOTUS ROOT 150G,https://paris-store.com/produit/racine-de-lotus-confit-150g/,img/88017011-u.webp
017393,88017393,Bonbons arôme fraise 100G,Wing Man Trading,Chine,30/CTNS,epicerie,snacks-sucres,串屋草莓味雪麗滋,串屋草莓味雪麗滋 | MARSHMALLOW(STRAW BERRY)100G,https://paris-store.com/produit/bonbons-arome-fraise-100g/,img/88017393-u.webp
020495,88020495,Préparation dessert sésame 160G,Torto,Hong Kong,,epicerie,snacks-sucres,香港多多芝麻糊,香港多多芝麻糊 | SESAME PASTE POWDER 200G1X20/CTN HK,https://paris-store.com/produit/preparation-dessert-sesame-160g/,img/88020495-u.webp
020528,88020528,Boisson au soja noir – 250ml,Vitasoy,Hong Kong,48/CTN,boissons,boissons-sucrees,維他黑豆奶,維他黑豆奶 | VITASOY BLACK SOY DRINK 250ML,https://paris-store.com/produit/boisson-au-soja-noir/,img/88020528-u.webp
020530,88020530,Boisson au soja – 250ml,Vitasoy,Hong Kong,48/CTN,boissons,boissons-sucrees,維他奶,維他奶 | VITASOY SOYA DRINK 250ML,https://paris-store.com/produit/boisson-au-soja-250ml/,img/88020530-u.webp
020590,88020590,Nouilles instantanée saveur abalone et poulet 70Gx5,Shun Shun Fuk,Chine,12UN/CTN,epicerie,nouilles-instantanees,榮文酸辣蝦麵(5包裝),榮文酸辣蝦麵(5包裝) | INSTANT NOODLE KING ABALONE&CHICKEN 70GX5,https://paris-store.com/produit/nouilles-instantanee-saveur-abalone-et-poulet-70gx5/,img/88020590-u.webp
020692,88020692,Nouilles instantanée langouste 70Gx5,Wing Man Trading,Chine,12UN/CTN,epicerie,nouilles-instantanees,生麵皇(龍蝦湯味)5包,生麵皇(龍蝦湯味)5包 | INSTANT NOODLE KING LOBSTER FLA.70GX5,https://paris-store.com/produit/nouilles-instantanee-langouste-70gx5/,img/88020692-u.webp
020709,88020709,Boisson au thé saveur citron – 250ml,Vita,Hong Kong,48/CTN,boissons,boissons-sucrees,維他錫蘭檸檬茶,維他錫蘭檸檬茶 | VITA CEYLON LEMON TEA DRINK 250ML,https://paris-store.com/produit/boisson-au-the-saveur-citron-250ml/,img/88020709-u.webp
030454,88030454,Préparation sauce curry medium Hot 92G,S&B,Japon,24/CT,epicerie,sauces,日本中辣咖哩醬92g,日本中辣咖哩醬92g | GOLDEN CURRY SAUCE MIX 92G(MEDIUM HOT),https://paris-store.com/produit/preparation-sauce-curry-medium-hot-92g/,img/88030454-u.webp
030505,88030505,Chapelure 230G,QUEEN’S CHEF,Japon,24UN/CT,epicerie,farines-poudres,日本麵包屑230G,日本麵包屑230G | MIKI BREAD CRUMB M 230G,https://paris-store.com/produit/chapelure-230g/,img/88030505-u.webp
030580,88030580,Sauce Teriyaki 1.9L,Kikkoman,Japon,4UN/CTN,epicerie,sauces,萬字牌TERIYAKI醬,萬字牌TERIYAKI醬 | KIKKOMAN TERIYAKI SAUCE 1.9L,https://paris-store.com/produit/sauce-teriyaki-1-9l/,img/88030580-u.webp
030962,88030962,Préparation sauce curry légumes medium Hot 230G,S&B,Japon,30/CT,epicerie,sauces,日本中辣即食咖哩醬,日本中辣即食咖哩醬 | GOLDEN CURRY SAUCE W/VETMEDIUM HOT 230G,https://paris-store.com/produit/preparation-sauce-curry-legumes-medium-hot-230g/,img/88030962-u.webp
030963,88030963,Sauce Hinode alcool 14% – 400ml,Hinode,Japon,,boissons,boissons-alcoolisees,日本調味酒,日本調味酒 | JAPANESE COOKING SAUCE ALCOHOL 14% 400ML,https://paris-store.com/produit/sauce-hinode-alcool-14-400ml/,img/88030963-u.webp
030978,88030978,Biscuit au Wazabi 54G,Bright Noble Trading,Japon,,epicerie,snacks-sales,日本芥茉味餅,日本芥茉味餅,https://paris-store.com/produit/biscuit-au-wazabi-54g/,img/88030978-u.webp
031107,88031107,Bouillon de poisson (Dashi) – 1kg,WISMETTAC FOODS INC,Japon,,epicerie,epices-assaisonnements,日本魚調味料(DASHI),日本魚調味料(DASHI),https://paris-store.com/produit/bouillon-de-poisson-dashi-1kg/,img/88031107-u.webp
031108,88031108,Soupe instantanée miso tofu 150.4G,HIKARI MISO,Japon,,epicerie,epices-assaisonnements,日本MISO豆腐湯料,日本MISO豆腐湯料,https://paris-store.com/produit/soupe-instantanee-miso-tofu-150-4g/,img/88031108-u.webp
031109,88031109,Soupe instantanée miso tofu frit aburaage 155.2G,HIKARI MISO,Japon,,epicerie,epices-assaisonnements,日本ABURAAGE湯料,日本ABURAAGE湯料,https://paris-store.com/produit/soupe-instantanee-miso-tofu-frit-aburaage-155-2g/,img/88031109-u.webp
031110,88031110,Soupe instantanée miso wakame 156G,HIKARI MISO,Japon,,epicerie,epices-assaisonnements,日本WAKAME湯料,日本WAKAME湯料,https://paris-store.com/produit/soupe-instantanee-miso-wakame-156g/,img/88031110-u.webp
031148,88031148,Tofu Extra Ferme – 308g,MORINAGA,Japon,12UN/CT,epicerie,conserves-salees,日本特硬豆腐,日本特硬豆腐 | Extra firm tofu,https://paris-store.com/produit/tofu-extra-ferme-308g/,img/88031148-u.webp
031239,88031239,"Saké aromatisé au matcha 8,5% 180ml",Hinode,Japon,30UN/CT,boissons,boissons-alcoolisees,日本抹茶米酒,"日本抹茶米酒 | King Brewing (Wa) Sake Matcha 8,5% 180ml",https://paris-store.com/produit/sake-aromatise-au-matcha-85-180ml/,img/88031239-u.webp
031240,88031240,Riz Sushi 1 kg,Shinode,Japon,10UN/CT,epicerie,riz,日本壽司圓米(紅),日本壽司圓米(紅),https://paris-store.com/produit/riz-sushi-1-kg/,img/88031240-u.webp
031244,88031244,Riz Sushi 10 kg,Shinode,Japon,10UN/CT,epicerie,riz,日本壽司圓米(紅),日本壽司圓米(紅),https://paris-store.com/produit/riz-sushi-10-kg/,img/88031244-u.webp
031247,88031247,"Saké aromatisé au yuzu 8,5% 180ml",Hinode,Japon,30UN/CT,boissons,boissons-alcoolisees,日本柚子米酒,日本柚子米酒,https://paris-store.com/produit/sake-aromatise-au-yuzu-85-180ml/,img/88031247-u.webp
040307,88040307,Préparation boisson gingembre et thé vert matcha,Gold Kili,Singapour,,epicerie,thes-cafes,星洲即溶抹茶薑晶,星洲即溶抹茶薑晶 | MATCHA GINGER LATTE 25GX10X24/CTN SG,https://paris-store.com/produit/preparation-boisson-gingembre-et-the-vert-matcha/,img/88040307-u.webp
040797,88040797,Soja jaune préparé 380G,OH GUAN HING SESAME,Singapour,24UN/CTN,epicerie,sauces,星洲豆醬 380G,星洲豆醬 380G | SALTED SOYA BEAN 380G SGP,https://paris-store.com/produit/soja-jaune-prepare-380g/,img/88040797-u.webp
050464,88050464,Perles bubble tea arome Litchi,HELM WING CORP,Taiwan,8/CTN,epicerie,conserves-sucrees,荔枝泡泡珠(BOBA),荔枝泡泡珠(BOBA) | BUBBLE BOBA LYCHEE FLV. 950G,https://paris-store.com/produit/perles-bubble-tea-arome-litchi/,img/88050464-u.webp
060002,88060002,Agar Agar en poudre 25G,PLATAPIANTONG BRAND,Thaïlande,240P/CT,epicerie,farines-poudres,泰國魚牌燕菜粉,泰國魚牌燕菜粉 | FISH BR.AGAR AGAR POWDER 25G,https://paris-store.com/produit/agar-agar-en-poudre-25g/,img/88060002-u.webp
060416,88060416,Mangoustan entier au sirop – 565g,Twin Elephants,Thaïlande,24/CTN,epicerie,conserves-sucrees,泰國糖水山竹,泰國糖水山竹 | MANGOSTEEN IN SYRUP 565G,https://paris-store.com/produit/mangoustan-entier-au-sirop-565g/,img/88060416-u.webp
060961,88060961,Pousse de bambou – 300g,Penta,Thaïlande,36UN/CT,epicerie,conserves-salees,泰國真空包裝酸筍,泰國真空包裝酸筍 | SOUR BAMBOO SHOOT SLICE 300G,https://paris-store.com/produit/pousse-de-bambou-300g/,img/88060961-u.webp
062101,88062101,Sauce sriracha extrêmement piquant – 450ml,Thai Dancer,Thaïlande,X12/CT,epicerie,sauces,膠樽是拉差(特辣),膠樽是拉差(特辣) | SRIRACHA CHILLI SAUCE EXTREME HOT 450ML,https://paris-store.com/produit/sauce-sriracha-extremement-piquant/,img/88062101-u.webp
062561,88062561,Sauce sriracha saveur yuzu – 200ml,Thai Dancer,Thaïlande,X12/CT,epicerie,sauces,泰國柚子是拉差,泰國柚子是拉差 | SRIRACHA CHILLI SAUCE W/YUZU(PET)200ML,https://paris-store.com/produit/sauce-sriracha-saveur-yuzu-200ml/,img/88062561-u.webp
062562,88062562,Sauce sriracha saveur gochujang – 200ml,Thai Dancer,Thaïlande,X12/CT,epicerie,sauces,泰國GOCHUJANG是拉差,泰國GOCHUJANG是拉差 | SRIRACHA CHILLI SAUCE W/GOCHUJANG 200ML,https://paris-store.com/produit/sauce-sriracha-saveur-gochujang-200ml/,img/88062562-u.webp
080002,88080002,Préparation pour soupe saveur tamarin – 40g,KNORR,Philippines,144UN/CTN,epicerie,epices-assaisonnements,菲律賓酸只粉 40G,菲律賓酸只粉 40G | KNORR TAMARIN 40G,https://paris-store.com/produit/preparation-pour-soupe-saveur-tamarin-40g/,img/88080002-u.webp
130001,88130001,Infusion amincissante et vitalisante,Mei Li,Sri Lanka,24UN/CT,epicerie,thes-cafes,錫蘭特麗檸檬味減肥茶,錫蘭特麗檸檬味減肥茶,https://paris-store.com/produit/infusion-amincissante-et-vitalisante/,img/88130001-u.webp
130002,88130002,Infusion amincissante et drainante,Mei Li,Sri Lanka,24UN/CT,epicerie,thes-cafes,錫蘭特麗瘦身排毒茶,錫蘭特麗瘦身排毒茶,https://paris-store.com/produit/infusion-amincissante-et-drainante/,img/88130002-u.webp
130003,88130003,Infusion Détox,Mei Li,Sri Lanka,24UN/CT,epicerie,thes-cafes,錫蘭特麗排毒茶,錫蘭特麗排毒茶,https://paris-store.com/produit/infusion-detox/,img/88130003-u.webp
140125,88140125,Riz Basmati Express 250g,Tilda,Royaume-Uni,6UN/CT,epicerie,riz,印度糙米飯,印度糙米飯 | Basmati Express Rice,https://paris-store.com/produit/riz-basmati-express-250g/,img/88140125-u.webp
140126,88140126,Riz sauté aux oeufs 250g,,,6UN/CT,epicerie,riz,蛋炒飯,蛋炒飯 | Egg fried Rice,https://paris-store.com/produit/riz-saute-aux-oeufs-250g/,img/88140126-u.webp
140130,88140130,Riz aux légumes 250g,Tilda,Royaume-Uni,6UN/CT,epicerie,riz,蔬菜米飯,蔬菜米飯 | Golden vegetable rice,https://paris-store.com/produit/riz-aux-legumes-250g/,img/88140130-u.webp
140132,88140132,Riz collant 250g,,,6UN/CT,epicerie,riz,糯米飯,糯米飯 | Sticky Rice,https://paris-store.com/produit/riz-collant-250g/,img/88140132-u.webp
160113,88160113,Algues grillées saveur wazabi – 3x4g,A+HoSan,Corée du Sud,24UN/CTN,epicerie,snacks-sales,芥茉味即食紫菜,芥茉味即食紫菜 | SEASONED SEAWEED SNACK WASABI FLA. 4GX3,https://paris-store.com/produit/algues-grillees-saveur-wazabi-3x4g/,img/88160113-u.webp
160298,88160298,Sirop de maïs – 700g,,,,epicerie,thes-cafes,韓國玉米糖漿,韓國玉米糖漿 | CORN SYRUP 700G,https://paris-store.com/produit/sirop-de-mais-700g/,img/88160298-u.webp
160334,88160334,Sirop de sucre brun – 600g,NOK CHA WON,Corée du Sud,12/CTN,epicerie,thes-cafes,韓國黑糖糖漿,韓國黑糖糖漿 | BLACK SUGAR SYRUP 600G,https://paris-store.com/produit/sirop-de-sucre-brun-600g/,img/88160334-u.webp
160353,88160353,Nouilles instantanées saveur ramen au fromage,Ottogi,Corée du Sud,20UN/CTN,epicerie,nouilles-instantanees,韓國芝士味即食麵TG,韓國芝士味即食麵TG | BODLE BODLE RAMEN 111G,https://paris-store.com/produit/nouilles-instantanees-saveur-ramen-au-fromage/,img/88160353-u.webp
160410,88160410,Nouilles Joogmyun 900G,Beksul,Corée du Sud,,epicerie,nouilles-instantanees,韓國麵JOOGMYUN,韓國麵JOOGMYUN,https://paris-store.com/produit/nouilles-joogmyun-900g/,img/88160410-u.webp
160413,88160413,Kimchi végétarien – 150G,Bibigo,Corée du Sud,,epicerie,conserves-salees,韓國金錢菜(泡菜),韓國金錢菜(泡菜),https://paris-store.com/produit/kimchi-vegetarien-150g/,img/88160413-u.webp
160540,88160540,Rapokki instantané saveur curry cup 145G,YOUNG POONG,Corée du Sud,16UN/CTN,epicerie,nouilles-instantanees,韓國咖哩RAPOKKI,韓國咖哩RAPOKKI | YOPOKKI SNACK CURRY RAPOKKI CUP 145G,https://paris-store.com/produit/rapokki-instantane-saveur-curry-cup-145g/,img/88160540-u.webp
160618,88160618,Algue séché pour salade – 50g,Otoki,Corée du Sud,30UN/CTN,epicerie,snacks-sales,韓國海草,韓國海草 | SEAWEED 50G,https://paris-store.com/produit/algue-seche-pour-salade-50g/,img/88160618-u.webp
160643,88160643,Préparation boisson citron aromatisé matcha 580g,A+HoSan,Corée du Sud,20UN/CT,epicerie,thes-cafes,韓國抹茶檸檬茶,韓國抹茶檸檬茶,https://paris-store.com/produit/preparation-boisson-citron-aromatise-matcha-580g/,img/88160643-u.webp
160644,88160644,Original Veggie Korean Corndog 240g,Bibigo,Corée Corée du Sud,12UN/CT,surgele,bouchees-raviolis,凍韓式熱狗,凍韓式熱狗,https://paris-store.com/produit/original-veggie-korean-corndog-240g/,img/88160644-u.webp
160645,88160645,Original Chicken Korean Corndog 160g,Bibigo,Corée Corée du Sud,12UN/CT,surgele,bouchees-raviolis,凍韓式雞肉熱狗,凍韓式雞肉熱狗 | Original Chicken Korean Corndog,https://paris-store.com/produit/original-chicken-korean-corndog-160g/,img/88160645-u.webp
160646,88160646,Corndog pommes de terre poulet,Bibigo,Corée,12UN/CT,surgele,bouchees-raviolis,凍韓式雞肉薯粒熱狗,凍韓式雞肉薯粒熱狗 | Potato Chicken Corndog 200g,https://paris-store.com/produit/corndog-pommes-de-terre-poulet/,img/88160646-u.webp
160647,88160647,Gaufrettes coréennes glacées et fourrées saveur Matcha,CJ Foods,Corée du Sud,4BX/CTN,surgele,desserts,韓國華夫抹茶冰淇淋,韓國華夫抹茶冰淇淋,https://paris-store.com/produit/gaufrettes-coreennes-glacees-et-fourrees-saveur-matcha/,img/88160647-u.webp
160648,88160648,Gaufrettes coréennes glacées et fourrées saveur Haricot rouge,CJ Foods,,4BX/CTN,surgele,desserts,韓國華夫紅豆冰淇淋,韓國華夫紅豆冰淇淋,https://paris-store.com/produit/gaufrettes-coreennes-glacees-et-fourrees-saveur-haricot-rouge/,img/88160648-u.webp
160649,88160649,Gaufrettes coréennes glacées et fourrées saveur Chocolat,CJ Foods,,4BX/CTN,surgele,desserts,韓國華夫巧克力冰淇淋,韓國華夫巧克力冰淇淋,https://paris-store.com/produit/gaufrettes-coreennes-glacees-et-fourrees-saveur-chocolat/,img/88160649-u.webp
160650,88160650,Gaufrettes coréennes glacées et fourrées saveur Châtaigne,CJ Foods,Corée du Sud,4BX/CTN,surgele,desserts,韓國華夫栗子冰淇淋,韓國華夫栗子冰淇淋,https://paris-store.com/produit/gaufrettes-coreennes-glacees-et-fourrees-saveur-chataigne/,img/88160650-u.webp
180094,88180094,Noix de coco confit 100G,Vinawang,Vietnam,50/CT,epicerie,snacks-sucres,越南糖嫩椰子條(彩色),越南糖嫩椰子條(彩色) | COCONUT CANDY 100G VN,https://paris-store.com/produit/noix-de-coco-confit-100g/,img/88180094-u.webp
180166,88180166,Noix de coco confit 75G,Vinawang,Vietnam,50/CT,epicerie,snacks-sucres,越南糖椰條75g,越南糖椰條75g | COCONUT CANDY 75G,https://paris-store.com/produit/noix-de-coco-confit-75g/,img/88180166-u.webp
180240,88180240,Noix de coco confit 150G,,Vietnam,36/CT,epicerie,snacks-sucres,越南糖嫩椰子條(彩色),越南糖嫩椰子條(彩色) | COCONUT CANDY 150G,https://paris-store.com/produit/noix-de-coco-confit-150g/,img/88180240-u.webp
180348,88180348,Mélange de fruits confits 500G,,Vietnam,12/CT,epicerie,snacks-sucres,越南大圓盒賀年糖果,越南大圓盒賀年糖果 | ASSORTED NEW YEAR CANDY 500G,https://paris-store.com/produit/melange-de-fruits-confits-500g/,img/88180348-u.webp
180497,88180497,Mélange de fruits confits 300G,,Vietnam,24/CTN,epicerie,snacks-sucres,越南小圓盒賀年糖果,越南小圓盒賀年糖果 | ASSORT NEW YEAR CANDY 300G,https://paris-store.com/produit/melange-de-fruits-confits-300g/,img/88180497-u.webp
180534,88180534,Gingembre confit 100G,,Vietnam,,epicerie,snacks-sucres,越南糖薑片,越南糖薑片 | ASSORT NEW YEAR CANDY 300G,https://paris-store.com/produit/gingembre-confit-100g/,img/88180534-u.webp
180548,88180548,Graines de lotus sucré – 150g,Vinawang,Vietnam,,epicerie,snacks-sucres,越南糖蓮子150G,越南糖蓮子150G | ASSORT NEW YEAR CANDY 300G,https://paris-store.com/produit/graines-de-lotus-sucre-150g/,img/88180548-u.webp
180634,88180634,Melon confit 5KG,,,4/CT,epicerie,snacks-sucres,越南糖冬瓜5KG,越南糖冬瓜5KG | MELON CANDY 5KG,https://paris-store.com/produit/melon-confit-5kg/,img/88180634-u.webp
180654,88180654,Confit mélange 380G,,Vietnam,24/CT,epicerie,snacks-sucres,越南賀年茶料,越南賀年茶料 | TIO CHIU NEW YEAR MIX CANDY 380G,https://paris-store.com/produit/confit-melanges-380g/,img/88180654-u.webp
181258,88181258,Mélange confiseries 250G,Vinawang,Vietnam,,epicerie,snacks-sucres,越南賀年茶料,越南賀年茶料 | TIO CHIU NEW YEAR MIX 250G,https://paris-store.com/produit/confiserie-melange-250g/,img/88181258-u.webp
181383,88181383,Bananes séchées – 250g,,Vietnam,36UN/CT,epicerie,snacks-sucres,越南香蕉乾條,越南香蕉乾條 | DRIED BANANA WHOLE 250G,https://paris-store.com/produit/bananes-sechees-250g/,img/88181383-u.webp
181764,88181764,Mélange d’épices Phô – 100g,Eaglobe,Vietnam,30UN/C,epicerie,epices-assaisonnements,越南PHO調味湯料,越南PHO調味湯料 | Pho Spice mix,https://paris-store.com/produit/melange-depices-pho-100g/,img/88181764-u.webp
210189,88210189,Sauce curry jaune – 350g,Pasco,Royaume-Uni,X6/CT,epicerie,sauces,印度咖哩醬,印度咖哩醬 | YELLOW RIVER CHINESE CURRY SCE 350G,https://paris-store.com/produit/sauce-curry-jaune-350g/,img/88210189-u.webp
230094,88230094,Bonbons gommes à macher au gingembre – Saveurs variées,sina,Indonésie,72UN/CT,epicerie,snacks-sucres,綜合味火山薑糖,綜合味火山薑糖 | Volcano Ginger Chews 125g,https://paris-store.com/produit/bonbons-gommes-a-macher-au-gingembre-saveurs-variees/,img/88230094-u.webp
230095,88230095,Bonbons gommes à macher au gingembre – Saveurs variées,sina,,72UN/CT,epicerie,snacks-sucres,原味火山薑糖,原味火山薑糖 | Volcano Ginger Chews 125g,https://paris-store.com/produit/bonbons-gommes-a-macher-au-gingembre-saveurs-variees-copie/,img/88230095-u.webp
280001,88280001,Concentré de soupe ramen Shoyu 1kg,Ajinomoto,Japon,10UN/CT,epicerie,epices-assaisonnements,SHOYU拉麵湯精,SHOYU拉麵湯精 | Shio ramen soup base,https://paris-store.com/produit/concentre-de-soupe-ramen-shoyu/,img/88280001-u.webp
280002,88280002,Concentré de soupe ramen Miso 1kg,Ajinomoto,Japon,10UN/CT,epicerie,epices-assaisonnements,MISO拉麵湯精,MISO拉麵湯精 | Miso ramen soup base,https://paris-store.com/produit/concentre-de-soupe-ramen-miso/,img/88280002-u.webp
280003,88280003,Concentré de soupe ramen Shio 1kg,Ajinomoto,Japon,10UN/CT,epicerie,epices-assaisonnements,SHIO拉麵湯精,SHIO拉麵湯精 | Shio ramen soup base,https://paris-store.com/produit/concentre-de-soupe-ramen-shio/,img/88280003-u.webp
280004,88280004,Concentré de soupe ramen Tonko 1kg,Ajinomoto,Japon,10UN/CT,epicerie,epices-assaisonnements,TONKOTSU拉麵湯精,TONKOTSU拉麵湯精 | Tonko ramen soup base,https://paris-store.com/produit/concentre-de-soupe-ramen-tonko/,img/88280004-u.webp
310050,88310050,Confiture de banane – 330g,Royal,Martinique,,epicerie,thes-cafes,ROYAL香蕉果醬,ROYAL香蕉果醬,https://paris-store.com/produit/confiture-de-banane-330g/,img/88310050-u.webp
310054,88310054,Confiture de tamarin – 330g,Royal,Martinique,,epicerie,thes-cafes,ROYAL酸子果醬,ROYAL酸子果醬,https://paris-store.com/produit/confiture-de-tamarin-330g/,img/88310054-u.webp
310126,88310126,Gelée de groseille – 330g,Royal,Martinique,,epicerie,thes-cafes,GROSEILLE者喱/HIBISCUS,GROSEILLE者喱/HIBISCUS,https://paris-store.com/produit/gelee-de-groseille-330g/,img/88310126-u.webp
503869,88503869,Flocon d’avoine aux noix et sésame,HM BRAND,Chine,16/CTN,epicerie,produits-secs,王室核桃芝麻燕麥片,王室核桃芝麻燕麥片 | INSTANT WALNUT SESAME OATMEAL 600G,https://paris-store.com/produit/flocon-davoine-aux-noix-et-sesame/,img/88503869-u.webp
504441,88504441,Rouleau soja 180G,Eaglobe,Chine,,epicerie,produits-secs,中國豆卷(響鈴卷),中國豆卷(響鈴卷) | SOYA ROLLS 180G X 15,https://paris-store.com/produit/rouleau-soja-180g/,img/88504441-u.webp
504675,88504675,Poudre de soja pour boisson instantanée,BINGQUAN,Chine,30/CTN,epicerie,thes-cafes,冰泉速溶豆漿晶,冰泉速溶豆漿晶 | SOYBEAN DRINK POWDER 150G,https://paris-store.com/produit/poudre-de-soja-pour-boisson-instantanee/,img/88504675-u.webp
504676,88504676,Poudre de tofu pour boisson instantanée,BINGQUAN,,30/CTN,epicerie,thes-cafes,冰泉速食豆腐花,冰泉速食豆腐花 | INSTANT SOFT TOFU POWDER192G,https://paris-store.com/produit/poudre-de-tofu-pour-boisson-instantanee/,img/88504676-u.webp
504677,88504677,Poudre de tofu saveur noix de coco pour boisson instantanée,BINGQUAN,Chine,30/CTN,epicerie,thes-cafes,冰泉速食椰汁豆腐花,冰泉速食椰汁豆腐花 | INSTANT SOFT TOFU POWDERW/COCONUT JUICE 256G,https://paris-store.com/produit/poudre-de-tofu-saveur-noix-de-coco-pour-boisson-instantanee/,img/88504677-u.webp
504691,88504691,Maïs jaune 220g,Nongsao,Chine,30/CTN,epicerie,conserves-salees,農嫂黃糯玉米,農嫂黃糯玉米 | YELLOW WAXY CORN 220G,https://paris-store.com/produit/mais-jaune-220g/,img/88504691-u.webp
504692,88504692,Maïs noir 220g,Nongsao,Chine,30/CTN,epicerie,conserves-salees,農嫂黑糯玉米,農嫂黑糯玉米 | BLACK WAXY CORN 220G,https://paris-store.com/produit/mais-noir-220g/,img/88504692-u.webp
504693,88504693,Maïs multicolors 220g,Nongsao,Chine,30/CTN,epicerie,conserves-salees,農嫂彩糯玉米,農嫂彩糯玉米 | MOTTLRD WAXY CORN 220G,https://paris-store.com/produit/mais-multicolors-220g/,img/88504693-u.webp
504694,88504694,Patate douce grillée – 500g,Nongsao,,6UN/CTN,epicerie,conserves-salees,農嫂烤甜心紅薯,農嫂烤甜心紅薯 | BAKED SWEET POTATO 500G,https://paris-store.com/produit/patate-douce-grillee-500g/,img/88504694-u.webp
504708,88504708,Torsade croustillante 108G,HUANGLAOWU,Chine,,epicerie,snacks-sucres,黃老五麻花酥(原味),黃老五麻花酥(原味) | FRIED DOUGH TWIST(ORIGINAL FLA)108GX20/CTN CN,https://paris-store.com/produit/torsade-croustillante-108g/,img/88504708-u.webp
504709,88504709,Crackers saveur BBQ 170G,HUANGLAOWU,Chine,,epicerie,snacks-sales,黃老五小麥鍋巴酥(燒烤味_,黃老五小麥鍋巴酥(燒烤味_ | WHEAT CRACKER BBQ FLAVOR170GX20/CTN CN,https://paris-store.com/produit/crackers-saveur-bbq-170g/,img/88504709-u.webp
504710,88504710,Crackers saveur épicé 170G,HUANGLAOWU,Chine,,epicerie,snacks-sales,黃老五小麥鍋巴酥(燒烤味_,黃老五小麥鍋巴酥(燒烤味_ | WHEAT CRACKER BBQ FLAVOR170GX20/CTN CN,https://paris-store.com/produit/crackers-saveur-epice-170g/,img/88504710-u.webp
504711,88504711,Confiserie aux graines de courge 168G,HUANGLAOWU,Chine,30/CTN,epicerie,snacks-sucres,黃老五南瓜仁酥,黃老五南瓜仁酥 | PUMPKIN SEED CRISP 168G,https://paris-store.com/produit/confiserie-aux-graines-de-courge-168g/,img/88504711-u.webp
504712,88504712,Confiserie aux graines de sésame 168G,HUANGLAOWU,Chine,30/CTN,epicerie,snacks-sucres,黃老五黑之麻酥,黃老五黑之麻酥 | BLACK SEASME CRISP 168G,https://paris-store.com/produit/confiserie-aux-graines-de-sesame-168g/,img/88504712-u.webp
504713,88504713,Confiserie aux cacahuètes 168G,HUANGLAOWU,Chine,30/CTN,epicerie,snacks-sucres,黃老五花生酥(原味),黃老五花生酥(原味) | PEANUT CRISP ORIGINAL FLAVOR 168G,https://paris-store.com/produit/confiserie-aux-cacahuetes-168g/,img/88504713-u.webp
504714,88504714,Confiserie aux fruits à coque 168G,HUANGLAOWU,,30/CTN,epicerie,snacks-sucres,黃老五堅果酥,黃老五堅果酥 | ASSORTED NUT CRISP 168G,https://paris-store.com/produit/confiserie-aux-fruits-a-coque-168g/,img/88504714-u.webp
504715,88504715,Tranches de konjac épicées,YANJIN PUZI,Chine,,epicerie,snacks-sales,香辣味魔芋絲,香辣味魔芋絲 | SLICED KONJAC SNACK(SPICY FLAVOR)54G,https://paris-store.com/produit/tranches-de-konjac-epicees/,img/88504715-u.webp
504716,88504716,Tranches de konjac sésame,YANJIN PUZI,Chine,,epicerie,snacks-sales,麻醬味魔芋素毛肚,麻醬味魔芋素毛肚 | KONJAC SNACK(SESAME PASTE FLA)54G,https://paris-store.com/produit/tranches-de-konjac-sesame/,img/88504716-u.webp
504720,88504720,Mangue séchée 160G,YANJINPUZI,Chine,30/CTN,epicerie,snacks-sucres,鹽津鋪子大片芒果干,鹽津鋪子大片芒果干 | DRIED MANGO 160G,https://paris-store.com/produit/24356/,img/88504720-u.webp
504725,88504725,Sauce pour viande braisé ( goût sucré ) 200g,HAIDILAO,Chine,20UN/CT,epicerie,sauces,海底撈紅燒肉調味料(甜香疐CN 20,海底撈紅燒肉調味料(甜香疐CN 20 | Sauce for Braised Meat ( Sweet Taste ),https://paris-store.com/produit/sauce-pour-viande-braise-gout-sucre-200g/,img/88504725-u.webp
504726,88504726,Sauce pour viande ( double cuisson ) 150g,HAIDILAO,Chine,20UN/CT,epicerie,sauces,海底撈回鍋肉調味料,海底撈回鍋肉調味料 | Sauce for Double cooked meat,https://paris-store.com/produit/sauce-pour-viande-double-cuisson-150g/,img/88504726-u.webp
504727,88504727,Assaisonement pour poulet au piment séché 120g,HAIDILAO,Chine,20UN/CT,epicerie,epices-assaisonnements,海底撈辣子雞調味料,海底撈辣子雞調味料 | Spicy chicken with dried chili seasoning,https://paris-store.com/produit/assaisonement-pour-poulet-au-piment-seche-120g/,img/88504727-u.webp
